firmenname,email
Mochi,welcome@mochi.at
Landhaus Bacher,info@landhaus-bacher.at
Das Attersee,office@dasattersee.at
Thalhammer's,office@thalhammers.at
Ulrich & Erich,hallo@ulrichwien.at
Schlossberg,office@schlossberggraz.at
Stadtliebe,office@stadtliebe.at
Shiso Burger,office@shisoburger.at
Spelunke,ahoi@spelunke.at
Heuriger Mayer,mayer@pfarrplatz.at
Pauls,office@pauls-linz.at
Zum Schwarzen Kameel,info@kameel.at
Hofmeisterei Hirtzberger,restaurant@hofmeisterei.at
Bachlerhof,wirt@bachlerhof.at
Motto am Fluss,office@mottoamfluss.at
Glöckl Bräu,office@gloecklbraeu.at
Jack the Ripperl,linz@jack-the-ripperl.com
Pianino,restaurant@pianino.at
Tasty & co.,office@tastyandco.at
SKY,office@skybox.at
Sky Garden,office@skygarden.at
Le Jardin,office@le-jardin.at
Prater Dome,info@praterdome.at
PEPE Cocktail Bar,gast@pepecocktailbar.me
Stadtboden,wien@stadtboden.at
Bar Campari,info@barcampari.at
Pizza Mann,office@pizzamann.at
OX Steaks & Sushi,office@uncletoms.at
l'autentico,office@lautentico.at
Burgerista,service@burgerista.com
HONU Tiki Bowls,info@honu.at
Plachutta,wollzeile@plachutta.at
Surace,office@surace.at
